key,en,en.mad,ru,ru.mad,tr,tr.mad
Client::I am playing on‚Ä¶,I am playing on‚Ä¶,I decided to play this shit using:,–Ø –∏–≥—Ä–∞—é –Ω–∞:,–Ø —ç—Ç–æ —Ö—Ä–µ–Ω—å –Ω–∞:,Kullanarak oynuyorum‚Ä¶,Kullanarak oynuyorum‚Ä¶
Client::Mobile,Mobile,My android (do do da du du),–ú–æ–±–∏–ª–∫–µ,–ú–æ–±–∏–ª–∫–µ,Cep telefonu,Cep telefonu
Client::PC,PC,My overpriced brick,–ü–ö,–ü–ö,PC,PC
Client::My preferred language is:,My preferred language is:,Hewwo I only spweak:,–ú–æ–π –ª—é–±–∏–º—ã–π —è–∑—ã–∫:,—è –Ω–µ–º–Ω–æ–≥–æ –≥–æ–≤–æ—Ä—é,Tercih ettiƒüim dil:,Tercih ettiƒüim dil:
Client::Options:,Options,The illusion of free choice (1984):,–ù–∞—Å—Ç—Ä–æ–π–∫–∏:,–û–ø—Ü—ç–∏,Se√ßenekler,Se√ßenekler
Client::Graphics:,Graphics,RTX count,–ì—Ä–∞—Ñ–∏–∫—Å,–ì—Ä–∞—Ñ–∏–∫—Å,Grafik:,Grafik:
Client::High quality,High quality,Many rtxes (very good very nice),–í—ã—Å–æ–∫–æ–µ –∫–∞—á–µ—Å—Ç–≤–æ ,–ï–±–µ–π—à–∏–π –≥—Ä–∞—Ñ–æ–Ω–∏–π,Y√ºksek kalite,Y√ºksek kalite
Client::Potato quality,Potato quality,Few rtxes (your device is COOKED),–ö–∞—á–µ—Å—Ç–≤–æ –∫–∞—Ä—Ç–æ—Ñ–µ–ª—è,–ö–∞–º–æ—Ä—É—Å—Å–∫–∏–π –ü–ö,Patates kalitesi,Patates kalitesi
Client::Quit,Quit,GET ME OUT OF HERE,–í—ã–π—Ç–∏,–ö—Ç–æ –∫—É–¥–∞ –∞ —è –ø–æ —Å—ä—ë–±–∞–º,Bƒ±rakmak,Bƒ±rakmak
Client::Credits:,Credits:,Nobody will read this but anyway:,–ê–≤—Ç–æ—Ä—ã:,–î–æ–ª–±–∞—ë–±—ã –∫–∞–∫–∏–µ-—Ç–æ:,Mesaj g√∂nder..,Mesaj g√∂nder..
PlayerBody::Send message..,Send message..,Insert useless drivell..,–û—Ç–ø—Ä–∞–≤–∏—Ç—å —Å–æ–æ–±—â–µ–Ω–∏–µ..,–≤—Å—Ç–∞–≤–∏—Ç—å –ª–∏—Ç–µ—Ä–∞—Ç—É—Ä–Ω—ã–π –¥–∏–∞—Ä–µ—Ö..,Yazarlar:,Yazarlar:
PlayerBody::Live chat,Live chat,Useless chat feature,–ñ–∏–≤–æ–π —á–∞—Ç,–ñ–∏–≤–æ–π —á–∞—Ç,Canlƒ± sohbet,Canlƒ± sohbet
PlayerBody::Close,Close,!Open,–ó–∞–∫—Ä—ã—Ç—å –∏–≥—Ä—É,–°–∫—Ä—ã—Ç—å—Å—è —ç—Ç–æ–º—É,Oyunu kapat,Oyunu kapat
PlayerBody::Chat,Chat,Telecommunications ü§ì,–ß–∞—Ç,–ú—ë—Ä—Ç–≤—ã–π —á–∞—Ç,Sohbet,Sohbet
Client::Done,Done,Les  gooooooooooooooo,–ü—Ä–æ–¥–æ–ª–∂–∏—Ç—å,–ì–æ –ì–æ –ì–æ,Tamamlamak,Tamamlamak
Client::English:,English:,THIS FOCKEN LANGUAGE üè¥Û†ÅßÛ†Å¢Û†Å•Û†ÅÆÛ†ÅßÛ†Åøüè¥Û†ÅßÛ†Å¢Û†Å•Û†ÅÆÛ†ÅßÛ†Åø:,–ê–Ω–≥–ª–∏–π—Å–∫–∏–π:,"Xaxa —ç—Ç–∏ –∏–¥–∏–æ—Ç—ã, –ø—å—é—â–∏–µ —á–∞–π",ƒ∞ngilizce:,ƒ∞ngilizce:
Client::Russian:,Russian:,Darn commies:,–†—É—Å—Å–∫–∏–π:,–Ø –†–£–°–°–ö–ò–ò–ò–ò–ò–ò–ò–ò–ô,Rus√ßa:,Rus√ßa:
Client::Turkish:,Turkish:,Pretty sure my barber speaks this?,–¢—É—Ä–µ—Ü–∫–∏–π:,AAAAAAAAAAAAA,T√ºrk√ße:,T√ºrk√ße:
Client::Volume:,Volume:,Earrape%:,–û–±—ä–µ–º:,–±–æ–ª—å –≤ —É—à–∞—Ö:,Ses seviyesi:,Ses seviyesi:
Client::Back to game,Back to game,LET ME BACK IN PLSSSS,–í–µ—Ä–Ω—É—Ç—å—Å—è –≤ –∏–≥—Ä—É,–í–æ–∑–≤—Ä–∞—â–µ–Ω–∏–µ –≤ –ì–£–õ–ê–ì,Oyuna d√∂n,Oyuna d√∂n
Client::Please select your current device!,Please select your current device!,SELECT YOUR DEVICE OR YOU Ain‚ÄôT PLAYING,"–ü–æ–∂–∞–ª—É–π—Å—Ç–∞, –≤—ã–±–µ—Ä–∏—Ç–µ –≤–∞—à–µ —Ç–µ–∫—É—â–µ–µ —É—Å—Ç—Ä–æ–π—Å—Ç–≤–æ!","—Ç—ã –∑–∞–±—ã–ª, —á–µ—Ä—Ç –≤–æ–∑—å–º–∏, –≤—ã–±—Ä–∞—Ç—å –æ–¥–∏–Ω —Ö–∞—Ö–∞",L√ºtfen mevcut cihazƒ±nƒ±zƒ± se√ßin!,L√ºtfen mevcut cihazƒ±nƒ±zƒ± se√ßin!
Client::Language:,Language:,Blah blah:,–Ø–∑—ã–∫:,–ë–ª–∞-–±–ª–∞:,Dil:,Dil:
LoadingScreen::Waiting for event to start‚Ä¶,Waiting for event to start‚Ä¶,Why is it taking so long to load frrrrr (zero patience),–û–∂–∏–¥–∞–Ω–∏–µ –Ω–∞—á–∞–ª–∞ –º–µ—Ä–æ–ø—Ä–∏—è—Ç–∏—è‚Ä¶,"–ñ–¥—É 6 —Å–≤–µ—Ç–æ–≤—ã—Ö –ª–µ—Ç, –ø–æ–∫–∞ –∑–∞–≥—Ä—É–∑–∏—Ç—Å—è —á–µ—Ä—Ç–æ–≤–∞ –∏–≥—Ä–∞.",Etkinliƒüin ba≈ülamasƒ± bekleniyor‚Ä¶,Etkinliƒüin ba≈ülamasƒ± bekleniyor‚Ä¶
LoadingScreen::A rplace.live special event‚Ä¶,A rplace.live special event...,A rare rplace.live event (canvvas update when?),–û—Å–æ–±–æ–µ —Å–æ–±—ã—Ç–∏–µ rplace.live‚Ä¶,–ù–µ—É–¥–∞—á–Ω–æ–µ —Å–æ–±—ã—Ç–∏–µ –æ—Ç rplace.live‚Ä¶,rplace.live √∂zel etkinliƒüi‚Ä¶,rplace.live √∂zel etkinliƒüi‚Ä¶
